,frame_name,original_frame
0,owxbbpjpch_0,wynotylpnm_0
1,owxbbpjpch_10,wynotylpnm_10
2,owxbbpjpch_20,wynotylpnm_20
3,owxbbpjpch_30,wynotylpnm_30
4,owxbbpjpch_40,wynotylpnm_40
5,owxbbpjpch_50,wynotylpnm_50
6,owxbbpjpch_60,wynotylpnm_60
7,owxbbpjpch_70,wynotylpnm_70
8,owxbbpjpch_80,wynotylpnm_80
9,owxbbpjpch_90,wynotylpnm_90
10,owxbbpjpch_100,wynotylpnm_100
11,owxbbpjpch_110,wynotylpnm_110
12,owxbbpjpch_120,wynotylpnm_120
13,owxbbpjpch_130,wynotylpnm_130
14,owxbbpjpch_140,wynotylpnm_140
15,owxbbpjpch_150,wynotylpnm_150
16,owxbbpjpch_160,wynotylpnm_160
17,owxbbpjpch_170,wynotylpnm_170
18,owxbbpjpch_180,wynotylpnm_180
19,owxbbpjpch_190,wynotylpnm_190
20,owxbbpjpch_200,wynotylpnm_200
21,owxbbpjpch_210,wynotylpnm_210
22,owxbbpjpch_220,wynotylpnm_220
23,owxbbpjpch_230,wynotylpnm_230
24,owxbbpjpch_240,wynotylpnm_240
25,owxbbpjpch_250,wynotylpnm_250
26,owxbbpjpch_260,wynotylpnm_260
27,owxbbpjpch_270,wynotylpnm_270
28,owxbbpjpch_280,wynotylpnm_280
29,owxbbpjpch_290,wynotylpnm_290
30,htorvhbcae_0,wclvkepakb_0
31,htorvhbcae_10,wclvkepakb_10
32,htorvhbcae_20,wclvkepakb_20
33,htorvhbcae_30,wclvkepakb_30
34,htorvhbcae_40,wclvkepakb_40
35,htorvhbcae_50,wclvkepakb_50
36,htorvhbcae_60,wclvkepakb_60
37,htorvhbcae_70,wclvkepakb_70
38,htorvhbcae_80,wclvkepakb_80
39,htorvhbcae_90,wclvkepakb_90
40,htorvhbcae_100,wclvkepakb_100
41,htorvhbcae_110,wclvkepakb_110
42,htorvhbcae_120,wclvkepakb_120
43,htorvhbcae_130,wclvkepakb_130
44,htorvhbcae_140,wclvkepakb_140
45,htorvhbcae_150,wclvkepakb_150
46,htorvhbcae_160,wclvkepakb_160
47,htorvhbcae_170,wclvkepakb_170
48,htorvhbcae_180,wclvkepakb_180
49,htorvhbcae_190,wclvkepakb_190
50,htorvhbcae_200,wclvkepakb_200
51,htorvhbcae_210,wclvkepakb_210
52,htorvhbcae_220,wclvkepakb_220
53,htorvhbcae_230,wclvkepakb_230
54,htorvhbcae_240,wclvkepakb_240
55,htorvhbcae_250,wclvkepakb_250
56,htorvhbcae_260,wclvkepakb_260
57,htorvhbcae_270,wclvkepakb_270
58,htorvhbcae_280,wclvkepakb_280
59,htorvhbcae_290,wclvkepakb_290
60,fckxaqjbxk_0,vpmyeepbep_0
61,fckxaqjbxk_10,vpmyeepbep_10
62,fckxaqjbxk_20,vpmyeepbep_20
63,fckxaqjbxk_30,vpmyeepbep_30
64,fckxaqjbxk_40,vpmyeepbep_40
65,fckxaqjbxk_50,vpmyeepbep_50
66,fckxaqjbxk_60,vpmyeepbep_60
67,fckxaqjbxk_70,vpmyeepbep_70
68,fckxaqjbxk_80,vpmyeepbep_80
69,fckxaqjbxk_90,vpmyeepbep_90
70,fckxaqjbxk_100,vpmyeepbep_100
71,fckxaqjbxk_110,vpmyeepbep_110
72,fckxaqjbxk_120,vpmyeepbep_120
73,fckxaqjbxk_130,vpmyeepbep_130
74,fckxaqjbxk_140,vpmyeepbep_140
75,fckxaqjbxk_150,vpmyeepbep_150
76,fckxaqjbxk_160,vpmyeepbep_160
77,fckxaqjbxk_170,vpmyeepbep_170
78,fckxaqjbxk_180,vpmyeepbep_180
79,fckxaqjbxk_190,vpmyeepbep_190
80,fckxaqjbxk_200,vpmyeepbep_200
81,fckxaqjbxk_210,vpmyeepbep_210
82,fckxaqjbxk_220,vpmyeepbep_220
83,fckxaqjbxk_230,vpmyeepbep_230
84,fckxaqjbxk_240,vpmyeepbep_240
85,fckxaqjbxk_250,vpmyeepbep_250
86,fckxaqjbxk_260,vpmyeepbep_260
87,fckxaqjbxk_270,vpmyeepbep_270
88,fckxaqjbxk_280,vpmyeepbep_280
89,fckxaqjbxk_290,vpmyeepbep_290
90,sphirandia_0,jawgcggquk_0
91,sphirandia_10,jawgcggquk_10
92,sphirandia_20,jawgcggquk_20
93,sphirandia_30,jawgcggquk_30
94,sphirandia_40,jawgcggquk_40
95,sphirandia_50,jawgcggquk_50
96,sphirandia_60,jawgcggquk_60
97,sphirandia_70,jawgcggquk_70
98,sphirandia_80,jawgcggquk_80
99,sphirandia_90,jawgcggquk_90
100,sphirandia_100,jawgcggquk_100
101,sphirandia_110,jawgcggquk_110
102,sphirandia_120,jawgcggquk_120
103,sphirandia_130,jawgcggquk_130
104,sphirandia_140,jawgcggquk_140
105,sphirandia_150,jawgcggquk_150
106,sphirandia_160,jawgcggquk_160
107,sphirandia_170,jawgcggquk_170
108,sphirandia_180,jawgcggquk_180
109,sphirandia_190,jawgcggquk_190
110,sphirandia_200,jawgcggquk_200
111,sphirandia_210,jawgcggquk_210
112,sphirandia_220,jawgcggquk_220
113,sphirandia_230,jawgcggquk_230
114,sphirandia_240,jawgcggquk_240
115,sphirandia_250,jawgcggquk_250
116,sphirandia_260,jawgcggquk_260
117,sphirandia_270,jawgcggquk_270
118,sphirandia_280,jawgcggquk_280
119,sphirandia_290,jawgcggquk_290
120,vsmadeuczx_0,qarqtkvgby_0
121,vsmadeuczx_10,qarqtkvgby_10
122,vsmadeuczx_20,qarqtkvgby_20
123,vsmadeuczx_30,qarqtkvgby_30
124,vsmadeuczx_40,qarqtkvgby_40
125,vsmadeuczx_50,qarqtkvgby_50
126,vsmadeuczx_60,qarqtkvgby_60
127,vsmadeuczx_70,qarqtkvgby_70
128,vsmadeuczx_80,qarqtkvgby_80
129,vsmadeuczx_90,qarqtkvgby_90
130,vsmadeuczx_100,qarqtkvgby_100
131,vsmadeuczx_110,qarqtkvgby_110
132,vsmadeuczx_120,qarqtkvgby_120
133,vsmadeuczx_130,qarqtkvgby_130
134,vsmadeuczx_140,qarqtkvgby_140
135,vsmadeuczx_150,qarqtkvgby_150
136,vsmadeuczx_160,qarqtkvgby_160
137,vsmadeuczx_170,qarqtkvgby_170
138,vsmadeuczx_180,qarqtkvgby_180
139,vsmadeuczx_190,qarqtkvgby_190
140,vsmadeuczx_200,qarqtkvgby_200
141,vsmadeuczx_210,qarqtkvgby_210
142,vsmadeuczx_220,qarqtkvgby_220
143,vsmadeuczx_230,qarqtkvgby_230
144,vsmadeuczx_240,qarqtkvgby_240
145,vsmadeuczx_250,qarqtkvgby_250
146,vsmadeuczx_260,qarqtkvgby_260
147,vsmadeuczx_270,qarqtkvgby_270
148,vsmadeuczx_280,qarqtkvgby_280
149,vsmadeuczx_290,qarqtkvgby_290
150,ohaqlzfnuv_0,sttnfyptum_0
151,ohaqlzfnuv_10,sttnfyptum_10
152,ohaqlzfnuv_20,sttnfyptum_20
153,ohaqlzfnuv_30,sttnfyptum_30
154,ohaqlzfnuv_40,sttnfyptum_40
155,ohaqlzfnuv_50,sttnfyptum_50
156,ohaqlzfnuv_60,sttnfyptum_60
157,ohaqlzfnuv_70,sttnfyptum_70
158,ohaqlzfnuv_80,sttnfyptum_80
159,ohaqlzfnuv_90,sttnfyptum_90
160,ohaqlzfnuv_100,sttnfyptum_100
161,ohaqlzfnuv_110,sttnfyptum_110
162,ohaqlzfnuv_120,sttnfyptum_120
163,ohaqlzfnuv_130,sttnfyptum_130
164,ohaqlzfnuv_140,sttnfyptum_140
165,ohaqlzfnuv_150,sttnfyptum_150
166,ohaqlzfnuv_160,sttnfyptum_160
167,ohaqlzfnuv_170,sttnfyptum_170
168,ohaqlzfnuv_180,sttnfyptum_180
169,ohaqlzfnuv_190,sttnfyptum_190
170,ohaqlzfnuv_200,sttnfyptum_200
171,ohaqlzfnuv_210,sttnfyptum_210
172,ohaqlzfnuv_220,sttnfyptum_220
173,ohaqlzfnuv_230,sttnfyptum_230
174,ohaqlzfnuv_240,sttnfyptum_240
175,ohaqlzfnuv_250,sttnfyptum_250
176,ohaqlzfnuv_260,sttnfyptum_260
177,ohaqlzfnuv_270,sttnfyptum_270
178,ohaqlzfnuv_280,sttnfyptum_280
179,ohaqlzfnuv_290,sttnfyptum_290
180,komngcqveq_0,kqlvggiqee_0
181,komngcqveq_10,kqlvggiqee_10
182,komngcqveq_20,kqlvggiqee_20
183,komngcqveq_30,kqlvggiqee_30
184,komngcqveq_40,kqlvggiqee_40
185,komngcqveq_50,kqlvggiqee_50
186,komngcqveq_60,kqlvggiqee_60
187,komngcqveq_70,kqlvggiqee_70
188,komngcqveq_80,kqlvggiqee_80
189,komngcqveq_90,kqlvggiqee_90
190,komngcqveq_100,kqlvggiqee_100
191,komngcqveq_110,kqlvggiqee_110
192,komngcqveq_120,kqlvggiqee_120
193,komngcqveq_130,kqlvggiqee_130
194,komngcqveq_140,kqlvggiqee_140
195,komngcqveq_150,kqlvggiqee_150
196,komngcqveq_160,kqlvggiqee_160
197,komngcqveq_170,kqlvggiqee_170
198,komngcqveq_180,kqlvggiqee_180
199,komngcqveq_190,kqlvggiqee_190
200,komngcqveq_200,kqlvggiqee_200
201,komngcqveq_210,kqlvggiqee_210
202,komngcqveq_220,kqlvggiqee_220
203,komngcqveq_230,kqlvggiqee_230
204,komngcqveq_240,kqlvggiqee_240
205,komngcqveq_250,kqlvggiqee_250
206,komngcqveq_260,kqlvggiqee_260
207,komngcqveq_270,kqlvggiqee_270
208,komngcqveq_280,kqlvggiqee_280
209,komngcqveq_290,kqlvggiqee_290
210,iafvzgpbix_0,lzbmwwejxb_0
211,iafvzgpbix_10,lzbmwwejxb_10
212,iafvzgpbix_20,lzbmwwejxb_20
213,iafvzgpbix_30,lzbmwwejxb_30
214,iafvzgpbix_40,lzbmwwejxb_40
215,iafvzgpbix_50,lzbmwwejxb_50
216,iafvzgpbix_60,lzbmwwejxb_60
217,iafvzgpbix_70,lzbmwwejxb_70
218,iafvzgpbix_80,lzbmwwejxb_80
219,iafvzgpbix_90,lzbmwwejxb_90
220,iafvzgpbix_100,lzbmwwejxb_100
221,iafvzgpbix_110,lzbmwwejxb_110
222,iafvzgpbix_120,lzbmwwejxb_120
223,iafvzgpbix_130,lzbmwwejxb_130
224,iafvzgpbix_140,lzbmwwejxb_140
225,iafvzgpbix_150,lzbmwwejxb_150
226,iafvzgpbix_160,lzbmwwejxb_160
227,iafvzgpbix_170,lzbmwwejxb_170
228,iafvzgpbix_180,lzbmwwejxb_180
229,iafvzgpbix_190,lzbmwwejxb_190
230,iafvzgpbix_200,lzbmwwejxb_200
231,iafvzgpbix_210,lzbmwwejxb_210
232,iafvzgpbix_220,lzbmwwejxb_220
233,iafvzgpbix_230,lzbmwwejxb_230
234,iafvzgpbix_240,lzbmwwejxb_240
235,iafvzgpbix_250,lzbmwwejxb_250
236,iafvzgpbix_260,lzbmwwejxb_260
237,iafvzgpbix_270,lzbmwwejxb_270
238,iafvzgpbix_280,lzbmwwejxb_280
239,iafvzgpbix_290,lzbmwwejxb_290
240,uaukglhmje_0,jytrvwlewz_0
241,uaukglhmje_10,jytrvwlewz_10
242,uaukglhmje_20,jytrvwlewz_20
243,uaukglhmje_30,jytrvwlewz_30
244,uaukglhmje_40,jytrvwlewz_40
245,uaukglhmje_50,jytrvwlewz_50
246,uaukglhmje_60,jytrvwlewz_60
247,uaukglhmje_70,jytrvwlewz_70
248,uaukglhmje_80,jytrvwlewz_80
249,uaukglhmje_90,jytrvwlewz_90
250,uaukglhmje_100,jytrvwlewz_100
251,uaukglhmje_110,jytrvwlewz_110
252,uaukglhmje_120,jytrvwlewz_120
253,uaukglhmje_130,jytrvwlewz_130
254,uaukglhmje_140,jytrvwlewz_140
255,uaukglhmje_150,jytrvwlewz_150
256,uaukglhmje_160,jytrvwlewz_160
257,uaukglhmje_170,jytrvwlewz_170
258,uaukglhmje_180,jytrvwlewz_180
259,uaukglhmje_190,jytrvwlewz_190
260,uaukglhmje_200,jytrvwlewz_200
261,uaukglhmje_210,jytrvwlewz_210
262,uaukglhmje_220,jytrvwlewz_220
263,uaukglhmje_230,jytrvwlewz_230
264,uaukglhmje_240,jytrvwlewz_240
265,uaukglhmje_250,jytrvwlewz_250
266,uaukglhmje_260,jytrvwlewz_260
267,uaukglhmje_270,jytrvwlewz_270
268,uaukglhmje_280,jytrvwlewz_280
269,uaukglhmje_290,jytrvwlewz_290
270,dtjcyzgdts_0,wcqvzujamg_0
271,dtjcyzgdts_10,wcqvzujamg_10
272,dtjcyzgdts_20,wcqvzujamg_20
273,dtjcyzgdts_30,wcqvzujamg_30
274,dtjcyzgdts_40,wcqvzujamg_40
275,dtjcyzgdts_50,wcqvzujamg_50
276,dtjcyzgdts_60,wcqvzujamg_60
277,dtjcyzgdts_70,wcqvzujamg_70
278,dtjcyzgdts_80,wcqvzujamg_80
279,dtjcyzgdts_90,wcqvzujamg_90
280,dtjcyzgdts_100,wcqvzujamg_100
281,dtjcyzgdts_110,wcqvzujamg_110
282,dtjcyzgdts_120,wcqvzujamg_120
283,dtjcyzgdts_130,wcqvzujamg_130
284,dtjcyzgdts_140,wcqvzujamg_140
285,dtjcyzgdts_150,wcqvzujamg_150
286,dtjcyzgdts_160,wcqvzujamg_160
287,dtjcyzgdts_170,wcqvzujamg_170
288,dtjcyzgdts_180,wcqvzujamg_180
289,dtjcyzgdts_190,wcqvzujamg_190
290,dtjcyzgdts_200,wcqvzujamg_200
291,dtjcyzgdts_210,wcqvzujamg_210
292,dtjcyzgdts_220,wcqvzujamg_220
293,dtjcyzgdts_230,wcqvzujamg_230
294,dtjcyzgdts_240,wcqvzujamg_240
295,dtjcyzgdts_250,wcqvzujamg_250
296,dtjcyzgdts_260,wcqvzujamg_260
297,dtjcyzgdts_270,wcqvzujamg_270
298,dtjcyzgdts_280,wcqvzujamg_280
299,dtjcyzgdts_290,wcqvzujamg_290
300,viuioldtnu_0,exxqlfpnbz_0
301,viuioldtnu_10,exxqlfpnbz_10
302,viuioldtnu_20,exxqlfpnbz_20
303,viuioldtnu_30,exxqlfpnbz_30
304,viuioldtnu_40,exxqlfpnbz_40
305,viuioldtnu_50,exxqlfpnbz_50
306,viuioldtnu_60,exxqlfpnbz_60
307,viuioldtnu_70,exxqlfpnbz_70
308,viuioldtnu_80,exxqlfpnbz_80
309,viuioldtnu_90,exxqlfpnbz_90
310,viuioldtnu_100,exxqlfpnbz_100
311,viuioldtnu_110,exxqlfpnbz_110
312,viuioldtnu_120,exxqlfpnbz_120
313,viuioldtnu_130,exxqlfpnbz_130
314,viuioldtnu_140,exxqlfpnbz_140
315,viuioldtnu_150,exxqlfpnbz_150
316,viuioldtnu_160,exxqlfpnbz_160
317,viuioldtnu_170,exxqlfpnbz_170
318,viuioldtnu_180,exxqlfpnbz_180
319,viuioldtnu_190,exxqlfpnbz_190
320,viuioldtnu_200,exxqlfpnbz_200
321,viuioldtnu_210,exxqlfpnbz_210
322,viuioldtnu_220,exxqlfpnbz_220
323,viuioldtnu_230,exxqlfpnbz_230
324,viuioldtnu_240,exxqlfpnbz_240
325,viuioldtnu_250,exxqlfpnbz_250
326,viuioldtnu_260,exxqlfpnbz_260
327,viuioldtnu_270,exxqlfpnbz_270
328,viuioldtnu_280,exxqlfpnbz_280
329,viuioldtnu_290,exxqlfpnbz_290
330,wnaweyzlqh_0,vpmyeepbep_0
331,wnaweyzlqh_10,vpmyeepbep_10
332,wnaweyzlqh_20,vpmyeepbep_20
333,wnaweyzlqh_30,vpmyeepbep_30
334,wnaweyzlqh_40,vpmyeepbep_40
335,wnaweyzlqh_50,vpmyeepbep_50
336,wnaweyzlqh_60,vpmyeepbep_60
337,wnaweyzlqh_70,vpmyeepbep_70
338,wnaweyzlqh_80,vpmyeepbep_80
339,wnaweyzlqh_90,vpmyeepbep_90
340,wnaweyzlqh_100,vpmyeepbep_100
341,wnaweyzlqh_110,vpmyeepbep_110
342,wnaweyzlqh_120,vpmyeepbep_120
343,wnaweyzlqh_130,vpmyeepbep_130
344,wnaweyzlqh_140,vpmyeepbep_140
345,wnaweyzlqh_150,vpmyeepbep_150
346,wnaweyzlqh_160,vpmyeepbep_160
347,wnaweyzlqh_170,vpmyeepbep_170
348,wnaweyzlqh_180,vpmyeepbep_180
349,wnaweyzlqh_190,vpmyeepbep_190
350,wnaweyzlqh_200,vpmyeepbep_200
351,wnaweyzlqh_210,vpmyeepbep_210
352,wnaweyzlqh_220,vpmyeepbep_220
353,wnaweyzlqh_230,vpmyeepbep_230
354,wnaweyzlqh_240,vpmyeepbep_240
355,wnaweyzlqh_250,vpmyeepbep_250
356,wnaweyzlqh_260,vpmyeepbep_260
357,wnaweyzlqh_270,vpmyeepbep_270
358,wnaweyzlqh_280,vpmyeepbep_280
359,wnaweyzlqh_290,vpmyeepbep_290
360,ejhhdlzpjg_0,nweufafotd_0
361,ejhhdlzpjg_10,nweufafotd_10
362,ejhhdlzpjg_20,nweufafotd_20
363,ejhhdlzpjg_30,nweufafotd_30
364,ejhhdlzpjg_40,nweufafotd_40
365,ejhhdlzpjg_50,nweufafotd_50
366,ejhhdlzpjg_60,nweufafotd_60
367,ejhhdlzpjg_70,nweufafotd_70
368,ejhhdlzpjg_80,nweufafotd_80
369,ejhhdlzpjg_90,nweufafotd_90
370,ejhhdlzpjg_100,nweufafotd_100
371,ejhhdlzpjg_110,nweufafotd_110
372,ejhhdlzpjg_120,nweufafotd_120
373,ejhhdlzpjg_130,nweufafotd_130
374,ejhhdlzpjg_140,nweufafotd_140
375,ejhhdlzpjg_150,nweufafotd_150
376,ejhhdlzpjg_160,nweufafotd_160
377,ejhhdlzpjg_170,nweufafotd_170
378,ejhhdlzpjg_180,nweufafotd_180
379,ejhhdlzpjg_190,nweufafotd_190
380,ejhhdlzpjg_200,nweufafotd_200
381,ejhhdlzpjg_210,nweufafotd_210
382,ejhhdlzpjg_220,nweufafotd_220
383,ejhhdlzpjg_230,nweufafotd_230
384,ejhhdlzpjg_240,nweufafotd_240
385,ejhhdlzpjg_250,nweufafotd_250
386,ejhhdlzpjg_260,nweufafotd_260
387,ejhhdlzpjg_270,nweufafotd_270
388,ejhhdlzpjg_280,nweufafotd_280
389,ejhhdlzpjg_290,nweufafotd_290
390,sxyrkshzsg_0,jvtjxreizj_0
391,sxyrkshzsg_10,jvtjxreizj_10
392,sxyrkshzsg_20,jvtjxreizj_20
393,sxyrkshzsg_30,jvtjxreizj_30
394,sxyrkshzsg_40,jvtjxreizj_40
395,sxyrkshzsg_50,jvtjxreizj_50
396,sxyrkshzsg_60,jvtjxreizj_60
397,sxyrkshzsg_70,jvtjxreizj_70
398,sxyrkshzsg_80,jvtjxreizj_80
399,sxyrkshzsg_90,jvtjxreizj_90
400,sxyrkshzsg_100,jvtjxreizj_100
401,sxyrkshzsg_110,jvtjxreizj_110
402,sxyrkshzsg_120,jvtjxreizj_120
403,sxyrkshzsg_130,jvtjxreizj_130
404,sxyrkshzsg_140,jvtjxreizj_140
405,sxyrkshzsg_150,jvtjxreizj_150
406,sxyrkshzsg_160,jvtjxreizj_160
407,sxyrkshzsg_170,jvtjxreizj_170
408,sxyrkshzsg_180,jvtjxreizj_180
409,sxyrkshzsg_190,jvtjxreizj_190
410,sxyrkshzsg_200,jvtjxreizj_200
411,sxyrkshzsg_210,jvtjxreizj_210
412,sxyrkshzsg_220,jvtjxreizj_220
413,sxyrkshzsg_230,jvtjxreizj_230
414,sxyrkshzsg_240,jvtjxreizj_240
415,sxyrkshzsg_250,jvtjxreizj_250
416,sxyrkshzsg_260,jvtjxreizj_260
417,sxyrkshzsg_270,jvtjxreizj_270
418,sxyrkshzsg_280,jvtjxreizj_280
419,sxyrkshzsg_290,jvtjxreizj_290
420,uvfkppqsjy_0,gvasarkpfh_0
421,uvfkppqsjy_10,gvasarkpfh_10
422,uvfkppqsjy_20,gvasarkpfh_20
423,uvfkppqsjy_30,gvasarkpfh_30
424,uvfkppqsjy_40,gvasarkpfh_40
425,uvfkppqsjy_50,gvasarkpfh_50
426,uvfkppqsjy_60,gvasarkpfh_60
427,uvfkppqsjy_70,gvasarkpfh_70
428,uvfkppqsjy_80,gvasarkpfh_80
429,uvfkppqsjy_90,gvasarkpfh_90
430,uvfkppqsjy_100,gvasarkpfh_100
431,uvfkppqsjy_110,gvasarkpfh_110
432,uvfkppqsjy_120,gvasarkpfh_120
433,uvfkppqsjy_130,gvasarkpfh_130
434,uvfkppqsjy_140,gvasarkpfh_140
435,uvfkppqsjy_150,gvasarkpfh_150
436,uvfkppqsjy_160,gvasarkpfh_160
437,uvfkppqsjy_170,gvasarkpfh_170
438,uvfkppqsjy_180,gvasarkpfh_180
439,uvfkppqsjy_190,gvasarkpfh_190
440,uvfkppqsjy_200,gvasarkpfh_200
441,uvfkppqsjy_210,gvasarkpfh_210
442,uvfkppqsjy_220,gvasarkpfh_220
443,uvfkppqsjy_230,gvasarkpfh_230
444,uvfkppqsjy_240,gvasarkpfh_240
445,uvfkppqsjy_250,gvasarkpfh_250
446,uvfkppqsjy_260,gvasarkpfh_260
447,uvfkppqsjy_270,gvasarkpfh_270
448,uvfkppqsjy_280,gvasarkpfh_280
449,uvfkppqsjy_290,gvasarkpfh_290
450,kedahvzait_0,wclvkepakb_0
451,kedahvzait_10,wclvkepakb_10
452,kedahvzait_20,wclvkepakb_20
453,kedahvzait_30,wclvkepakb_30
454,kedahvzait_40,wclvkepakb_40
455,kedahvzait_50,wclvkepakb_50
456,kedahvzait_60,wclvkepakb_60
457,kedahvzait_70,wclvkepakb_70
458,kedahvzait_80,wclvkepakb_80
459,kedahvzait_90,wclvkepakb_90
460,kedahvzait_100,wclvkepakb_100
461,kedahvzait_110,wclvkepakb_110
462,kedahvzait_120,wclvkepakb_120
463,kedahvzait_130,wclvkepakb_130
464,kedahvzait_140,wclvkepakb_140
465,kedahvzait_150,wclvkepakb_150
466,kedahvzait_160,wclvkepakb_160
467,kedahvzait_170,wclvkepakb_170
468,kedahvzait_180,wclvkepakb_180
469,kedahvzait_190,wclvkepakb_190
470,kedahvzait_200,wclvkepakb_200
471,kedahvzait_210,wclvkepakb_210
472,kedahvzait_220,wclvkepakb_220
473,kedahvzait_230,wclvkepakb_230
474,kedahvzait_240,wclvkepakb_240
475,kedahvzait_250,wclvkepakb_250
476,kedahvzait_260,wclvkepakb_260
477,kedahvzait_270,wclvkepakb_270
478,kedahvzait_280,wclvkepakb_280
479,kedahvzait_290,wclvkepakb_290
480,idczhqbbqz_0,prmwoaeeng_0
481,idczhqbbqz_10,prmwoaeeng_10
482,idczhqbbqz_20,prmwoaeeng_20
483,idczhqbbqz_30,prmwoaeeng_30
484,idczhqbbqz_40,prmwoaeeng_40
485,idczhqbbqz_50,prmwoaeeng_50
486,idczhqbbqz_60,prmwoaeeng_60
487,idczhqbbqz_70,prmwoaeeng_70
488,idczhqbbqz_80,prmwoaeeng_80
489,idczhqbbqz_90,prmwoaeeng_90
490,idczhqbbqz_100,prmwoaeeng_100
491,idczhqbbqz_110,prmwoaeeng_110
492,idczhqbbqz_120,prmwoaeeng_120
493,idczhqbbqz_130,prmwoaeeng_130
494,idczhqbbqz_140,prmwoaeeng_140
495,idczhqbbqz_150,prmwoaeeng_150
496,idczhqbbqz_160,prmwoaeeng_160
497,idczhqbbqz_170,prmwoaeeng_170
498,idczhqbbqz_180,prmwoaeeng_180
499,idczhqbbqz_190,prmwoaeeng_190
500,idczhqbbqz_200,prmwoaeeng_200
501,idczhqbbqz_210,prmwoaeeng_210
502,idczhqbbqz_220,prmwoaeeng_220
503,idczhqbbqz_230,prmwoaeeng_230
504,idczhqbbqz_240,prmwoaeeng_240
505,idczhqbbqz_250,prmwoaeeng_250
506,idczhqbbqz_260,prmwoaeeng_260
507,idczhqbbqz_270,prmwoaeeng_270
508,idczhqbbqz_280,prmwoaeeng_280
509,idczhqbbqz_290,prmwoaeeng_290
510,clzkcmoyhb_0,gnmmhlbzge_0
511,clzkcmoyhb_10,gnmmhlbzge_10
512,clzkcmoyhb_20,gnmmhlbzge_20
513,clzkcmoyhb_30,gnmmhlbzge_30
514,clzkcmoyhb_40,gnmmhlbzge_40
515,clzkcmoyhb_50,gnmmhlbzge_50
516,clzkcmoyhb_60,gnmmhlbzge_60
517,clzkcmoyhb_70,gnmmhlbzge_70
518,clzkcmoyhb_80,gnmmhlbzge_80
519,clzkcmoyhb_90,gnmmhlbzge_90
520,clzkcmoyhb_100,gnmmhlbzge_100
521,clzkcmoyhb_110,gnmmhlbzge_110
522,clzkcmoyhb_120,gnmmhlbzge_120
523,clzkcmoyhb_130,gnmmhlbzge_130
524,clzkcmoyhb_140,gnmmhlbzge_140
525,clzkcmoyhb_150,gnmmhlbzge_150
526,clzkcmoyhb_160,gnmmhlbzge_160
527,clzkcmoyhb_170,gnmmhlbzge_170
528,clzkcmoyhb_180,gnmmhlbzge_180
529,clzkcmoyhb_190,gnmmhlbzge_190
530,clzkcmoyhb_200,gnmmhlbzge_200
531,clzkcmoyhb_210,gnmmhlbzge_210
532,clzkcmoyhb_220,gnmmhlbzge_220
533,clzkcmoyhb_230,gnmmhlbzge_230
534,clzkcmoyhb_240,gnmmhlbzge_240
535,clzkcmoyhb_250,gnmmhlbzge_250
536,clzkcmoyhb_260,gnmmhlbzge_260
537,clzkcmoyhb_270,gnmmhlbzge_270
538,clzkcmoyhb_280,gnmmhlbzge_280
539,clzkcmoyhb_290,gnmmhlbzge_290
540,vpjfmetsvn_0,nweufafotd_0
541,vpjfmetsvn_10,nweufafotd_10
542,vpjfmetsvn_20,nweufafotd_20
543,vpjfmetsvn_30,nweufafotd_30
544,vpjfmetsvn_40,nweufafotd_40
545,vpjfmetsvn_50,nweufafotd_50
546,vpjfmetsvn_60,nweufafotd_60
547,vpjfmetsvn_70,nweufafotd_70
548,vpjfmetsvn_80,nweufafotd_80
549,vpjfmetsvn_90,nweufafotd_90
550,vpjfmetsvn_100,nweufafotd_100
551,vpjfmetsvn_110,nweufafotd_110
552,vpjfmetsvn_120,nweufafotd_120
553,vpjfmetsvn_130,nweufafotd_130
554,vpjfmetsvn_140,nweufafotd_140
555,vpjfmetsvn_150,nweufafotd_150
556,vpjfmetsvn_160,nweufafotd_160
557,vpjfmetsvn_170,nweufafotd_170
558,vpjfmetsvn_180,nweufafotd_180
559,vpjfmetsvn_190,nweufafotd_190
560,vpjfmetsvn_200,nweufafotd_200
561,vpjfmetsvn_210,nweufafotd_210
562,vpjfmetsvn_220,nweufafotd_220
563,vpjfmetsvn_230,nweufafotd_230
564,vpjfmetsvn_240,nweufafotd_240
565,vpjfmetsvn_250,nweufafotd_250
566,vpjfmetsvn_260,nweufafotd_260
567,vpjfmetsvn_270,nweufafotd_270
568,vpjfmetsvn_280,nweufafotd_280
569,vpjfmetsvn_290,nweufafotd_290
570,muksyyltmg_0,fopjiyxiqd_0
571,muksyyltmg_10,fopjiyxiqd_10
572,muksyyltmg_20,fopjiyxiqd_20
573,muksyyltmg_30,fopjiyxiqd_30
574,muksyyltmg_40,fopjiyxiqd_40
575,muksyyltmg_50,fopjiyxiqd_50
576,muksyyltmg_60,fopjiyxiqd_60
577,muksyyltmg_70,fopjiyxiqd_70
578,muksyyltmg_80,fopjiyxiqd_80
579,muksyyltmg_90,fopjiyxiqd_90
580,muksyyltmg_100,fopjiyxiqd_100
581,muksyyltmg_110,fopjiyxiqd_110
582,muksyyltmg_120,fopjiyxiqd_120
583,muksyyltmg_130,fopjiyxiqd_130
584,muksyyltmg_140,fopjiyxiqd_140
585,muksyyltmg_150,fopjiyxiqd_150
586,muksyyltmg_160,fopjiyxiqd_160
587,muksyyltmg_170,fopjiyxiqd_170
588,muksyyltmg_180,fopjiyxiqd_180
589,muksyyltmg_190,fopjiyxiqd_190
590,muksyyltmg_200,fopjiyxiqd_200
591,muksyyltmg_210,fopjiyxiqd_210
592,muksyyltmg_220,fopjiyxiqd_220
593,muksyyltmg_230,fopjiyxiqd_230
594,muksyyltmg_240,fopjiyxiqd_240
595,muksyyltmg_250,fopjiyxiqd_250
596,muksyyltmg_260,fopjiyxiqd_260
597,muksyyltmg_270,fopjiyxiqd_270
598,muksyyltmg_280,fopjiyxiqd_280
599,muksyyltmg_290,fopjiyxiqd_290
600,ztwlbdwyni_0,kqlvggiqee_0
601,ztwlbdwyni_10,kqlvggiqee_10
602,ztwlbdwyni_20,kqlvggiqee_20
603,ztwlbdwyni_30,kqlvggiqee_30
604,ztwlbdwyni_40,kqlvggiqee_40
605,ztwlbdwyni_50,kqlvggiqee_50
606,ztwlbdwyni_60,kqlvggiqee_60
607,ztwlbdwyni_70,kqlvggiqee_70
608,ztwlbdwyni_80,kqlvggiqee_80
609,ztwlbdwyni_90,kqlvggiqee_90
610,ztwlbdwyni_100,kqlvggiqee_100
611,ztwlbdwyni_110,kqlvggiqee_110
612,ztwlbdwyni_120,kqlvggiqee_120
613,ztwlbdwyni_130,kqlvggiqee_130
614,ztwlbdwyni_140,kqlvggiqee_140
615,ztwlbdwyni_150,kqlvggiqee_150
616,ztwlbdwyni_160,kqlvggiqee_160
617,ztwlbdwyni_170,kqlvggiqee_170
618,ztwlbdwyni_180,kqlvggiqee_180
619,ztwlbdwyni_190,kqlvggiqee_190
620,ztwlbdwyni_200,kqlvggiqee_200
621,ztwlbdwyni_210,kqlvggiqee_210
622,ztwlbdwyni_220,kqlvggiqee_220
623,ztwlbdwyni_230,kqlvggiqee_230
624,ztwlbdwyni_240,kqlvggiqee_240
625,ztwlbdwyni_250,kqlvggiqee_250
626,ztwlbdwyni_260,kqlvggiqee_260
627,ztwlbdwyni_270,kqlvggiqee_270
628,ztwlbdwyni_280,kqlvggiqee_280
629,ztwlbdwyni_290,kqlvggiqee_290
630,jaurxwocly_0,pqdeutauqc_0
631,jaurxwocly_10,pqdeutauqc_10
632,jaurxwocly_20,pqdeutauqc_20
633,jaurxwocly_30,pqdeutauqc_30
634,jaurxwocly_40,pqdeutauqc_40
635,jaurxwocly_50,pqdeutauqc_50
636,jaurxwocly_60,pqdeutauqc_60
637,jaurxwocly_70,pqdeutauqc_70
638,jaurxwocly_80,pqdeutauqc_80
639,jaurxwocly_90,pqdeutauqc_90
640,jaurxwocly_100,pqdeutauqc_100
641,jaurxwocly_110,pqdeutauqc_110
642,jaurxwocly_120,pqdeutauqc_120
643,jaurxwocly_130,pqdeutauqc_130
644,jaurxwocly_140,pqdeutauqc_140
645,jaurxwocly_150,pqdeutauqc_150
646,jaurxwocly_160,pqdeutauqc_160
647,jaurxwocly_170,pqdeutauqc_170
648,jaurxwocly_180,pqdeutauqc_180
649,jaurxwocly_190,pqdeutauqc_190
650,jaurxwocly_200,pqdeutauqc_200
651,jaurxwocly_210,pqdeutauqc_210
652,jaurxwocly_220,pqdeutauqc_220
653,jaurxwocly_230,pqdeutauqc_230
654,jaurxwocly_240,pqdeutauqc_240
655,jaurxwocly_250,pqdeutauqc_250
656,jaurxwocly_260,pqdeutauqc_260
657,jaurxwocly_270,pqdeutauqc_270
658,jaurxwocly_280,pqdeutauqc_280
659,jaurxwocly_290,pqdeutauqc_290
660,jkxjvuioek_0,wfzjxzhdkj_0
661,jkxjvuioek_10,wfzjxzhdkj_10
662,jkxjvuioek_20,wfzjxzhdkj_20
663,jkxjvuioek_30,wfzjxzhdkj_30
664,jkxjvuioek_40,wfzjxzhdkj_40
665,jkxjvuioek_50,wfzjxzhdkj_50
666,jkxjvuioek_60,wfzjxzhdkj_60
667,jkxjvuioek_70,wfzjxzhdkj_70
668,jkxjvuioek_80,wfzjxzhdkj_80
669,jkxjvuioek_90,wfzjxzhdkj_90
670,jkxjvuioek_100,wfzjxzhdkj_100
671,jkxjvuioek_110,wfzjxzhdkj_110
672,jkxjvuioek_120,wfzjxzhdkj_120
673,jkxjvuioek_130,wfzjxzhdkj_130
674,jkxjvuioek_140,wfzjxzhdkj_140
675,jkxjvuioek_150,wfzjxzhdkj_150
676,jkxjvuioek_160,wfzjxzhdkj_160
677,jkxjvuioek_170,wfzjxzhdkj_170
678,jkxjvuioek_180,wfzjxzhdkj_180
679,jkxjvuioek_190,wfzjxzhdkj_190
680,jkxjvuioek_200,wfzjxzhdkj_200
681,jkxjvuioek_210,wfzjxzhdkj_210
682,jkxjvuioek_220,wfzjxzhdkj_220
683,jkxjvuioek_230,wfzjxzhdkj_230
684,jkxjvuioek_240,wfzjxzhdkj_240
685,jkxjvuioek_250,wfzjxzhdkj_250
686,jkxjvuioek_260,wfzjxzhdkj_260
687,jkxjvuioek_270,wfzjxzhdkj_270
688,jkxjvuioek_280,wfzjxzhdkj_280
689,jkxjvuioek_290,wfzjxzhdkj_290
690,rfpjsloxzg_0,dxfdovivlw_0
691,rfpjsloxzg_10,dxfdovivlw_10
692,rfpjsloxzg_20,dxfdovivlw_20
693,rfpjsloxzg_30,dxfdovivlw_30
694,rfpjsloxzg_40,dxfdovivlw_40
695,rfpjsloxzg_50,dxfdovivlw_50
696,rfpjsloxzg_60,dxfdovivlw_60
697,rfpjsloxzg_70,dxfdovivlw_70
698,rfpjsloxzg_80,dxfdovivlw_80
699,rfpjsloxzg_90,dxfdovivlw_90
700,rfpjsloxzg_100,dxfdovivlw_100
701,rfpjsloxzg_110,dxfdovivlw_110
702,rfpjsloxzg_120,dxfdovivlw_120
703,rfpjsloxzg_130,dxfdovivlw_130
704,rfpjsloxzg_140,dxfdovivlw_140
705,rfpjsloxzg_150,dxfdovivlw_150
706,rfpjsloxzg_160,dxfdovivlw_160
707,rfpjsloxzg_170,dxfdovivlw_170
708,rfpjsloxzg_180,dxfdovivlw_180
709,rfpjsloxzg_190,dxfdovivlw_190
710,rfpjsloxzg_200,dxfdovivlw_200
711,rfpjsloxzg_210,dxfdovivlw_210
712,rfpjsloxzg_220,dxfdovivlw_220
713,rfpjsloxzg_230,dxfdovivlw_230
714,rfpjsloxzg_240,dxfdovivlw_240
715,rfpjsloxzg_250,dxfdovivlw_250
716,rfpjsloxzg_260,dxfdovivlw_260
717,rfpjsloxzg_270,dxfdovivlw_270
718,rfpjsloxzg_280,dxfdovivlw_280
719,rfpjsloxzg_290,dxfdovivlw_290
720,kmcdjxmnoa_0,sttnfyptum_0
721,kmcdjxmnoa_10,sttnfyptum_10
722,kmcdjxmnoa_20,sttnfyptum_20
723,kmcdjxmnoa_30,sttnfyptum_30
724,kmcdjxmnoa_40,sttnfyptum_40
725,kmcdjxmnoa_50,sttnfyptum_50
726,kmcdjxmnoa_60,sttnfyptum_60
727,kmcdjxmnoa_70,sttnfyptum_70
728,kmcdjxmnoa_80,sttnfyptum_80
729,kmcdjxmnoa_90,sttnfyptum_90
730,kmcdjxmnoa_100,sttnfyptum_100
731,kmcdjxmnoa_110,sttnfyptum_110
732,kmcdjxmnoa_120,sttnfyptum_120
733,kmcdjxmnoa_130,sttnfyptum_130
734,kmcdjxmnoa_140,sttnfyptum_140
735,kmcdjxmnoa_150,sttnfyptum_150
736,kmcdjxmnoa_160,sttnfyptum_160
737,kmcdjxmnoa_170,sttnfyptum_170
738,kmcdjxmnoa_180,sttnfyptum_180
739,kmcdjxmnoa_190,sttnfyptum_190
740,kmcdjxmnoa_200,sttnfyptum_200
741,kmcdjxmnoa_210,sttnfyptum_210
742,kmcdjxmnoa_220,sttnfyptum_220
743,kmcdjxmnoa_230,sttnfyptum_230
744,kmcdjxmnoa_240,sttnfyptum_240
745,kmcdjxmnoa_250,sttnfyptum_250
746,kmcdjxmnoa_260,sttnfyptum_260
747,kmcdjxmnoa_270,sttnfyptum_270
748,kmcdjxmnoa_280,sttnfyptum_280
749,kmcdjxmnoa_290,sttnfyptum_290
750,vvwuqslvnq_0,ddtbarpcgo_0
751,vvwuqslvnq_10,ddtbarpcgo_10
752,vvwuqslvnq_20,ddtbarpcgo_20
753,vvwuqslvnq_30,ddtbarpcgo_30
754,vvwuqslvnq_40,ddtbarpcgo_40
755,vvwuqslvnq_50,ddtbarpcgo_50
756,vvwuqslvnq_60,ddtbarpcgo_60
757,vvwuqslvnq_70,ddtbarpcgo_70
758,vvwuqslvnq_80,ddtbarpcgo_80
759,vvwuqslvnq_90,ddtbarpcgo_90
760,vvwuqslvnq_100,ddtbarpcgo_100
761,vvwuqslvnq_110,ddtbarpcgo_110
762,vvwuqslvnq_120,ddtbarpcgo_120
763,vvwuqslvnq_130,ddtbarpcgo_130
764,vvwuqslvnq_140,ddtbarpcgo_140
765,vvwuqslvnq_150,ddtbarpcgo_150
766,vvwuqslvnq_160,ddtbarpcgo_160
767,vvwuqslvnq_170,ddtbarpcgo_170
768,vvwuqslvnq_180,ddtbarpcgo_180
769,vvwuqslvnq_190,ddtbarpcgo_190
770,vvwuqslvnq_200,ddtbarpcgo_200
771,vvwuqslvnq_210,ddtbarpcgo_210
772,vvwuqslvnq_220,ddtbarpcgo_220
773,vvwuqslvnq_230,ddtbarpcgo_230
774,vvwuqslvnq_240,ddtbarpcgo_240
775,vvwuqslvnq_250,ddtbarpcgo_250
776,vvwuqslvnq_260,ddtbarpcgo_260
777,vvwuqslvnq_270,ddtbarpcgo_270
778,vvwuqslvnq_280,ddtbarpcgo_280
779,vvwuqslvnq_290,ddtbarpcgo_290
780,rpxnyljmsf_0,nweufafotd_0
781,rpxnyljmsf_10,nweufafotd_10
782,rpxnyljmsf_20,nweufafotd_20
783,rpxnyljmsf_30,nweufafotd_30
784,rpxnyljmsf_40,nweufafotd_40
785,rpxnyljmsf_50,nweufafotd_50
786,rpxnyljmsf_60,nweufafotd_60
787,rpxnyljmsf_70,nweufafotd_70
788,rpxnyljmsf_80,nweufafotd_80
789,rpxnyljmsf_90,nweufafotd_90
790,rpxnyljmsf_100,nweufafotd_100
791,rpxnyljmsf_110,nweufafotd_110
792,rpxnyljmsf_120,nweufafotd_120
793,rpxnyljmsf_130,nweufafotd_130
794,rpxnyljmsf_140,nweufafotd_140
795,rpxnyljmsf_150,nweufafotd_150
796,rpxnyljmsf_160,nweufafotd_160
797,rpxnyljmsf_170,nweufafotd_170
798,rpxnyljmsf_180,nweufafotd_180
799,rpxnyljmsf_190,nweufafotd_190
800,rpxnyljmsf_200,nweufafotd_200
801,rpxnyljmsf_210,nweufafotd_210
802,rpxnyljmsf_220,nweufafotd_220
803,rpxnyljmsf_230,nweufafotd_230
804,rpxnyljmsf_240,nweufafotd_240
805,rpxnyljmsf_250,nweufafotd_250
806,rpxnyljmsf_260,nweufafotd_260
807,rpxnyljmsf_270,nweufafotd_270
808,rpxnyljmsf_280,nweufafotd_280
809,rpxnyljmsf_290,nweufafotd_290
810,txxungvxms_0,lzbmwwejxb_0
811,txxungvxms_10,lzbmwwejxb_10
812,txxungvxms_20,lzbmwwejxb_20
813,txxungvxms_30,lzbmwwejxb_30
814,txxungvxms_40,lzbmwwejxb_40
815,txxungvxms_50,lzbmwwejxb_50
816,txxungvxms_60,lzbmwwejxb_60
817,txxungvxms_70,lzbmwwejxb_70
818,txxungvxms_80,lzbmwwejxb_80
819,txxungvxms_90,lzbmwwejxb_90
820,txxungvxms_100,lzbmwwejxb_100
821,txxungvxms_110,lzbmwwejxb_110
822,txxungvxms_120,lzbmwwejxb_120
823,txxungvxms_130,lzbmwwejxb_130
824,txxungvxms_140,lzbmwwejxb_140
825,txxungvxms_150,lzbmwwejxb_150
826,txxungvxms_160,lzbmwwejxb_160
827,txxungvxms_170,lzbmwwejxb_170
828,txxungvxms_180,lzbmwwejxb_180
829,txxungvxms_190,lzbmwwejxb_190
830,txxungvxms_200,lzbmwwejxb_200
831,txxungvxms_210,lzbmwwejxb_210
832,txxungvxms_220,lzbmwwejxb_220
833,txxungvxms_230,lzbmwwejxb_230
834,txxungvxms_240,lzbmwwejxb_240
835,txxungvxms_250,lzbmwwejxb_250
836,txxungvxms_260,lzbmwwejxb_260
837,txxungvxms_270,lzbmwwejxb_270
838,txxungvxms_280,lzbmwwejxb_280
839,txxungvxms_290,lzbmwwejxb_290
840,ihnhxathkq_0,sttnfyptum_0
841,ihnhxathkq_10,sttnfyptum_10
842,ihnhxathkq_20,sttnfyptum_20
843,ihnhxathkq_30,sttnfyptum_30
844,ihnhxathkq_40,sttnfyptum_40
845,ihnhxathkq_50,sttnfyptum_50
846,ihnhxathkq_60,sttnfyptum_60
847,ihnhxathkq_70,sttnfyptum_70
848,ihnhxathkq_80,sttnfyptum_80
849,ihnhxathkq_90,sttnfyptum_90
850,ihnhxathkq_100,sttnfyptum_100
851,ihnhxathkq_110,sttnfyptum_110
852,ihnhxathkq_120,sttnfyptum_120
853,ihnhxathkq_130,sttnfyptum_130
854,ihnhxathkq_140,sttnfyptum_140
855,ihnhxathkq_150,sttnfyptum_150
856,ihnhxathkq_160,sttnfyptum_160
857,ihnhxathkq_170,sttnfyptum_170
858,ihnhxathkq_180,sttnfyptum_180
859,ihnhxathkq_190,sttnfyptum_190
860,ihnhxathkq_200,sttnfyptum_200
861,ihnhxathkq_210,sttnfyptum_210
862,ihnhxathkq_220,sttnfyptum_220
863,ihnhxathkq_230,sttnfyptum_230
864,ihnhxathkq_240,sttnfyptum_240
865,ihnhxathkq_250,sttnfyptum_250
866,ihnhxathkq_260,sttnfyptum_260
867,ihnhxathkq_270,sttnfyptum_270
868,ihnhxathkq_280,sttnfyptum_280
869,ihnhxathkq_290,sttnfyptum_290
870,lobxktzhbg_0,dhjnjkzuhq_0
871,lobxktzhbg_10,dhjnjkzuhq_10
872,lobxktzhbg_20,dhjnjkzuhq_20
873,lobxktzhbg_30,dhjnjkzuhq_30
874,lobxktzhbg_40,dhjnjkzuhq_40
875,lobxktzhbg_50,dhjnjkzuhq_50
876,lobxktzhbg_60,dhjnjkzuhq_60
877,lobxktzhbg_70,dhjnjkzuhq_70
878,lobxktzhbg_80,dhjnjkzuhq_80
879,lobxktzhbg_90,dhjnjkzuhq_90
880,lobxktzhbg_100,dhjnjkzuhq_100
881,lobxktzhbg_110,dhjnjkzuhq_110
882,lobxktzhbg_120,dhjnjkzuhq_120
883,lobxktzhbg_130,dhjnjkzuhq_130
884,lobxktzhbg_140,dhjnjkzuhq_140
885,lobxktzhbg_150,dhjnjkzuhq_150
886,lobxktzhbg_160,dhjnjkzuhq_160
887,lobxktzhbg_170,dhjnjkzuhq_170
888,lobxktzhbg_180,dhjnjkzuhq_180
889,lobxktzhbg_190,dhjnjkzuhq_190
890,lobxktzhbg_200,dhjnjkzuhq_200
891,lobxktzhbg_210,dhjnjkzuhq_210
892,lobxktzhbg_220,dhjnjkzuhq_220
893,lobxktzhbg_230,dhjnjkzuhq_230
894,lobxktzhbg_240,dhjnjkzuhq_240
895,lobxktzhbg_250,dhjnjkzuhq_250
896,lobxktzhbg_260,dhjnjkzuhq_260
897,lobxktzhbg_270,dhjnjkzuhq_270
898,lobxktzhbg_280,dhjnjkzuhq_280
899,lobxktzhbg_290,dhjnjkzuhq_290
900,slhinthqcq_0,wfzjxzhdkj_0
901,slhinthqcq_10,wfzjxzhdkj_10
902,slhinthqcq_20,wfzjxzhdkj_20
903,slhinthqcq_30,wfzjxzhdkj_30
904,slhinthqcq_40,wfzjxzhdkj_40
905,slhinthqcq_50,wfzjxzhdkj_50
906,slhinthqcq_60,wfzjxzhdkj_60
907,slhinthqcq_70,wfzjxzhdkj_70
908,slhinthqcq_80,wfzjxzhdkj_80
909,slhinthqcq_90,wfzjxzhdkj_90
910,slhinthqcq_100,wfzjxzhdkj_100
911,slhinthqcq_110,wfzjxzhdkj_110
912,slhinthqcq_120,wfzjxzhdkj_120
913,slhinthqcq_130,wfzjxzhdkj_130
914,slhinthqcq_140,wfzjxzhdkj_140
915,slhinthqcq_150,wfzjxzhdkj_150
916,slhinthqcq_160,wfzjxzhdkj_160
917,slhinthqcq_170,wfzjxzhdkj_170
918,slhinthqcq_180,wfzjxzhdkj_180
919,slhinthqcq_190,wfzjxzhdkj_190
920,slhinthqcq_200,wfzjxzhdkj_200
921,slhinthqcq_210,wfzjxzhdkj_210
922,slhinthqcq_220,wfzjxzhdkj_220
923,slhinthqcq_230,wfzjxzhdkj_230
924,slhinthqcq_240,wfzjxzhdkj_240
925,slhinthqcq_250,wfzjxzhdkj_250
926,slhinthqcq_260,wfzjxzhdkj_260
927,slhinthqcq_270,wfzjxzhdkj_270
928,slhinthqcq_280,wfzjxzhdkj_280
929,slhinthqcq_290,wfzjxzhdkj_290
930,hqzwudvhih_0,xmkwsnuzyq_0
931,hqzwudvhih_10,xmkwsnuzyq_10
932,hqzwudvhih_20,xmkwsnuzyq_20
933,hqzwudvhih_30,xmkwsnuzyq_30
934,hqzwudvhih_40,xmkwsnuzyq_40
935,hqzwudvhih_50,xmkwsnuzyq_50
936,hqzwudvhih_60,xmkwsnuzyq_60
937,hqzwudvhih_70,xmkwsnuzyq_70
938,hqzwudvhih_80,xmkwsnuzyq_80
939,hqzwudvhih_90,xmkwsnuzyq_90
940,hqzwudvhih_100,xmkwsnuzyq_100
941,hqzwudvhih_110,xmkwsnuzyq_110
942,hqzwudvhih_120,xmkwsnuzyq_120
943,hqzwudvhih_130,xmkwsnuzyq_130
944,hqzwudvhih_140,xmkwsnuzyq_140
945,hqzwudvhih_150,xmkwsnuzyq_150
946,hqzwudvhih_160,xmkwsnuzyq_160
947,hqzwudvhih_170,xmkwsnuzyq_170
948,hqzwudvhih_180,xmkwsnuzyq_180
949,hqzwudvhih_190,xmkwsnuzyq_190
950,hqzwudvhih_200,xmkwsnuzyq_200
951,hqzwudvhih_210,xmkwsnuzyq_210
952,hqzwudvhih_220,xmkwsnuzyq_220
953,hqzwudvhih_230,xmkwsnuzyq_230
954,hqzwudvhih_240,xmkwsnuzyq_240
955,hqzwudvhih_250,xmkwsnuzyq_250
956,hqzwudvhih_260,xmkwsnuzyq_260
957,hqzwudvhih_270,xmkwsnuzyq_270
958,hqzwudvhih_280,xmkwsnuzyq_280
959,hqzwudvhih_290,xmkwsnuzyq_290
960,xpzfhhwkwb_0,xmkwsnuzyq_0
961,xpzfhhwkwb_10,xmkwsnuzyq_10
962,xpzfhhwkwb_20,xmkwsnuzyq_20
963,xpzfhhwkwb_30,xmkwsnuzyq_30
964,xpzfhhwkwb_40,xmkwsnuzyq_40
965,xpzfhhwkwb_50,xmkwsnuzyq_50
966,xpzfhhwkwb_60,xmkwsnuzyq_60
967,xpzfhhwkwb_70,xmkwsnuzyq_70
968,xpzfhhwkwb_80,xmkwsnuzyq_80
969,xpzfhhwkwb_90,xmkwsnuzyq_90
970,xpzfhhwkwb_100,xmkwsnuzyq_100
971,xpzfhhwkwb_110,xmkwsnuzyq_110
972,xpzfhhwkwb_120,xmkwsnuzyq_120
973,xpzfhhwkwb_130,xmkwsnuzyq_130
974,xpzfhhwkwb_140,xmkwsnuzyq_140
975,xpzfhhwkwb_150,xmkwsnuzyq_150
976,xpzfhhwkwb_160,xmkwsnuzyq_160
977,xpzfhhwkwb_170,xmkwsnuzyq_170
978,xpzfhhwkwb_180,xmkwsnuzyq_180
979,xpzfhhwkwb_190,xmkwsnuzyq_190
980,xpzfhhwkwb_200,xmkwsnuzyq_200
981,xpzfhhwkwb_210,xmkwsnuzyq_210
982,xpzfhhwkwb_220,xmkwsnuzyq_220
983,xpzfhhwkwb_230,xmkwsnuzyq_230
984,xpzfhhwkwb_240,xmkwsnuzyq_240
985,xpzfhhwkwb_250,xmkwsnuzyq_250
986,xpzfhhwkwb_260,xmkwsnuzyq_260
987,xpzfhhwkwb_270,xmkwsnuzyq_270
988,xpzfhhwkwb_280,xmkwsnuzyq_280
989,xpzfhhwkwb_290,xmkwsnuzyq_290
990,sglzgdcjkb_0,vokrpfjpeb_0
991,sglzgdcjkb_10,vokrpfjpeb_10
992,sglzgdcjkb_20,vokrpfjpeb_20
993,sglzgdcjkb_30,vokrpfjpeb_30
994,sglzgdcjkb_40,vokrpfjpeb_40
995,sglzgdcjkb_50,vokrpfjpeb_50
996,sglzgdcjkb_60,vokrpfjpeb_60
997,sglzgdcjkb_70,vokrpfjpeb_70
998,sglzgdcjkb_80,vokrpfjpeb_80
999,sglzgdcjkb_90,vokrpfjpeb_90
1000,sglzgdcjkb_100,vokrpfjpeb_100
1001,sglzgdcjkb_110,vokrpfjpeb_110
1002,sglzgdcjkb_120,vokrpfjpeb_120
1003,sglzgdcjkb_130,vokrpfjpeb_130
1004,sglzgdcjkb_140,vokrpfjpeb_140
1005,sglzgdcjkb_150,vokrpfjpeb_150
1006,sglzgdcjkb_160,vokrpfjpeb_160
1007,sglzgdcjkb_170,vokrpfjpeb_170
1008,sglzgdcjkb_180,vokrpfjpeb_180
1009,sglzgdcjkb_190,vokrpfjpeb_190
1010,sglzgdcjkb_200,vokrpfjpeb_200
1011,sglzgdcjkb_210,vokrpfjpeb_210
1012,sglzgdcjkb_220,vokrpfjpeb_220
1013,sglzgdcjkb_230,vokrpfjpeb_230
1014,sglzgdcjkb_240,vokrpfjpeb_240
1015,sglzgdcjkb_250,vokrpfjpeb_250
1016,sglzgdcjkb_260,vokrpfjpeb_260
1017,sglzgdcjkb_270,vokrpfjpeb_270
1018,sglzgdcjkb_280,vokrpfjpeb_280
1019,sglzgdcjkb_290,vokrpfjpeb_290
1020,xxvwbfmgzy_0,doniqevxeg_0
1021,xxvwbfmgzy_10,doniqevxeg_10
1022,xxvwbfmgzy_20,doniqevxeg_20
1023,xxvwbfmgzy_30,doniqevxeg_30
1024,xxvwbfmgzy_40,doniqevxeg_40
1025,xxvwbfmgzy_50,doniqevxeg_50
1026,xxvwbfmgzy_60,doniqevxeg_60
1027,xxvwbfmgzy_70,doniqevxeg_70
1028,xxvwbfmgzy_80,doniqevxeg_80
1029,xxvwbfmgzy_90,doniqevxeg_90
1030,xxvwbfmgzy_100,doniqevxeg_100
1031,xxvwbfmgzy_110,doniqevxeg_110
1032,xxvwbfmgzy_120,doniqevxeg_120
1033,xxvwbfmgzy_130,doniqevxeg_130
1034,xxvwbfmgzy_140,doniqevxeg_140
1035,xxvwbfmgzy_150,doniqevxeg_150
1036,xxvwbfmgzy_160,doniqevxeg_160
1037,xxvwbfmgzy_170,doniqevxeg_170
1038,xxvwbfmgzy_180,doniqevxeg_180
1039,xxvwbfmgzy_190,doniqevxeg_190
1040,xxvwbfmgzy_200,doniqevxeg_200
1041,xxvwbfmgzy_210,doniqevxeg_210
1042,xxvwbfmgzy_220,doniqevxeg_220
1043,xxvwbfmgzy_230,doniqevxeg_230
1044,xxvwbfmgzy_240,doniqevxeg_240
1045,xxvwbfmgzy_250,doniqevxeg_250
1046,xxvwbfmgzy_260,doniqevxeg_260
1047,xxvwbfmgzy_270,doniqevxeg_270
1048,xxvwbfmgzy_280,doniqevxeg_280
1049,xxvwbfmgzy_290,doniqevxeg_290
1050,dtmlspmqqp_0,aayrffkzxn_0
1051,dtmlspmqqp_10,aayrffkzxn_10
1052,dtmlspmqqp_20,aayrffkzxn_20
1053,dtmlspmqqp_30,aayrffkzxn_30
1054,dtmlspmqqp_40,aayrffkzxn_40
1055,dtmlspmqqp_50,aayrffkzxn_50
1056,dtmlspmqqp_60,aayrffkzxn_60
1057,dtmlspmqqp_70,aayrffkzxn_70
1058,dtmlspmqqp_80,aayrffkzxn_80
1059,dtmlspmqqp_90,aayrffkzxn_90
1060,dtmlspmqqp_100,aayrffkzxn_100
1061,dtmlspmqqp_110,aayrffkzxn_110
1062,dtmlspmqqp_120,aayrffkzxn_120
1063,dtmlspmqqp_130,aayrffkzxn_130
1064,dtmlspmqqp_140,aayrffkzxn_140
1065,dtmlspmqqp_150,aayrffkzxn_150
1066,dtmlspmqqp_160,aayrffkzxn_160
1067,dtmlspmqqp_170,aayrffkzxn_170
1068,dtmlspmqqp_180,aayrffkzxn_180
1069,dtmlspmqqp_190,aayrffkzxn_190
1070,dtmlspmqqp_200,aayrffkzxn_200
1071,dtmlspmqqp_210,aayrffkzxn_210
1072,dtmlspmqqp_220,aayrffkzxn_220
1073,dtmlspmqqp_230,aayrffkzxn_230
1074,dtmlspmqqp_240,aayrffkzxn_240
1075,dtmlspmqqp_250,aayrffkzxn_250
1076,dtmlspmqqp_260,aayrffkzxn_260
1077,dtmlspmqqp_270,aayrffkzxn_270
1078,dtmlspmqqp_280,aayrffkzxn_280
1079,dtmlspmqqp_290,aayrffkzxn_290
1080,hsxrmrcaqh_0,upmgtackuf_0
1081,hsxrmrcaqh_10,upmgtackuf_10
1082,hsxrmrcaqh_20,upmgtackuf_20
1083,hsxrmrcaqh_30,upmgtackuf_30
1084,hsxrmrcaqh_40,upmgtackuf_40
1085,hsxrmrcaqh_50,upmgtackuf_50
1086,hsxrmrcaqh_60,upmgtackuf_60
1087,hsxrmrcaqh_70,upmgtackuf_70
1088,hsxrmrcaqh_80,upmgtackuf_80
1089,hsxrmrcaqh_90,upmgtackuf_90
1090,hsxrmrcaqh_100,upmgtackuf_100
1091,hsxrmrcaqh_110,upmgtackuf_110
1092,hsxrmrcaqh_120,upmgtackuf_120
1093,hsxrmrcaqh_130,upmgtackuf_130
1094,hsxrmrcaqh_140,upmgtackuf_140
1095,hsxrmrcaqh_150,upmgtackuf_150
1096,hsxrmrcaqh_160,upmgtackuf_160
1097,hsxrmrcaqh_170,upmgtackuf_170
1098,hsxrmrcaqh_180,upmgtackuf_180
1099,hsxrmrcaqh_190,upmgtackuf_190
1100,hsxrmrcaqh_200,upmgtackuf_200
1101,hsxrmrcaqh_210,upmgtackuf_210
1102,hsxrmrcaqh_220,upmgtackuf_220
1103,hsxrmrcaqh_230,upmgtackuf_230
1104,hsxrmrcaqh_240,upmgtackuf_240
1105,hsxrmrcaqh_250,upmgtackuf_250
1106,hsxrmrcaqh_260,upmgtackuf_260
1107,hsxrmrcaqh_270,upmgtackuf_270
1108,hsxrmrcaqh_280,upmgtackuf_280
1109,hsxrmrcaqh_290,upmgtackuf_290
1110,ykbhmueovi_0,prmwoaeeng_0
1111,ykbhmueovi_10,prmwoaeeng_10
1112,ykbhmueovi_20,prmwoaeeng_20
1113,ykbhmueovi_30,prmwoaeeng_30
1114,ykbhmueovi_40,prmwoaeeng_40
1115,ykbhmueovi_50,prmwoaeeng_50
1116,ykbhmueovi_60,prmwoaeeng_60
1117,ykbhmueovi_70,prmwoaeeng_70
1118,ykbhmueovi_80,prmwoaeeng_80
1119,ykbhmueovi_90,prmwoaeeng_90
1120,ykbhmueovi_100,prmwoaeeng_100
1121,ykbhmueovi_110,prmwoaeeng_110
1122,ykbhmueovi_120,prmwoaeeng_120
1123,ykbhmueovi_130,prmwoaeeng_130
1124,ykbhmueovi_140,prmwoaeeng_140
1125,ykbhmueovi_150,prmwoaeeng_150
1126,ykbhmueovi_160,prmwoaeeng_160
1127,ykbhmueovi_170,prmwoaeeng_170
1128,ykbhmueovi_180,prmwoaeeng_180
1129,ykbhmueovi_190,prmwoaeeng_190
1130,ykbhmueovi_200,prmwoaeeng_200
1131,ykbhmueovi_210,prmwoaeeng_210
1132,ykbhmueovi_220,prmwoaeeng_220
1133,ykbhmueovi_230,prmwoaeeng_230
1134,ykbhmueovi_240,prmwoaeeng_240
1135,ykbhmueovi_250,prmwoaeeng_250
1136,ykbhmueovi_260,prmwoaeeng_260
1137,ykbhmueovi_270,prmwoaeeng_270
1138,ykbhmueovi_280,prmwoaeeng_280
1139,ykbhmueovi_290,prmwoaeeng_290
1140,inzrlbgtul_0,nrnklcxdzq_0
1141,inzrlbgtul_10,nrnklcxdzq_10
1142,inzrlbgtul_20,nrnklcxdzq_20
1143,inzrlbgtul_30,nrnklcxdzq_30
1144,inzrlbgtul_40,nrnklcxdzq_40
1145,inzrlbgtul_50,nrnklcxdzq_50
1146,inzrlbgtul_60,nrnklcxdzq_60
1147,inzrlbgtul_70,nrnklcxdzq_70
1148,inzrlbgtul_80,nrnklcxdzq_80
1149,inzrlbgtul_90,nrnklcxdzq_90
1150,inzrlbgtul_100,nrnklcxdzq_100
1151,inzrlbgtul_110,nrnklcxdzq_110
1152,inzrlbgtul_120,nrnklcxdzq_120
1153,inzrlbgtul_130,nrnklcxdzq_130
1154,inzrlbgtul_140,nrnklcxdzq_140
1155,inzrlbgtul_150,nrnklcxdzq_150
1156,inzrlbgtul_160,nrnklcxdzq_160
1157,inzrlbgtul_170,nrnklcxdzq_170
1158,inzrlbgtul_180,nrnklcxdzq_180
1159,inzrlbgtul_190,nrnklcxdzq_190
1160,inzrlbgtul_200,nrnklcxdzq_200
1161,inzrlbgtul_210,nrnklcxdzq_210
1162,inzrlbgtul_220,nrnklcxdzq_220
1163,inzrlbgtul_230,nrnklcxdzq_230
1164,inzrlbgtul_240,nrnklcxdzq_240
1165,inzrlbgtul_250,nrnklcxdzq_250
1166,inzrlbgtul_260,nrnklcxdzq_260
1167,inzrlbgtul_270,nrnklcxdzq_270
1168,inzrlbgtul_280,nrnklcxdzq_280
1169,inzrlbgtul_290,nrnklcxdzq_290
1170,xtcbnasaew_0,jzupayeuln_0
1171,xtcbnasaew_10,jzupayeuln_10
1172,xtcbnasaew_20,jzupayeuln_20
1173,xtcbnasaew_30,jzupayeuln_30
1174,xtcbnasaew_40,jzupayeuln_40
1175,xtcbnasaew_50,jzupayeuln_50
1176,xtcbnasaew_60,jzupayeuln_60
1177,xtcbnasaew_70,jzupayeuln_70
1178,xtcbnasaew_80,jzupayeuln_80
1179,xtcbnasaew_90,jzupayeuln_90
1180,xtcbnasaew_100,jzupayeuln_100
1181,xtcbnasaew_110,jzupayeuln_110
1182,xtcbnasaew_120,jzupayeuln_120
1183,xtcbnasaew_130,jzupayeuln_130
1184,xtcbnasaew_140,jzupayeuln_140
1185,xtcbnasaew_150,jzupayeuln_150
1186,xtcbnasaew_160,jzupayeuln_160
1187,xtcbnasaew_170,jzupayeuln_170
1188,xtcbnasaew_180,jzupayeuln_180
1189,xtcbnasaew_190,jzupayeuln_190
1190,xtcbnasaew_200,jzupayeuln_200
1191,xtcbnasaew_210,jzupayeuln_210
1192,xtcbnasaew_220,jzupayeuln_220
1193,xtcbnasaew_230,jzupayeuln_230
1194,xtcbnasaew_240,jzupayeuln_240
1195,xtcbnasaew_250,jzupayeuln_250
1196,xtcbnasaew_260,jzupayeuln_260
1197,xtcbnasaew_270,jzupayeuln_270
1198,xtcbnasaew_280,jzupayeuln_280
1199,xtcbnasaew_290,jzupayeuln_290
1200,kgfcupxgur_0,ddtbarpcgo_0
1201,kgfcupxgur_10,ddtbarpcgo_10
1202,kgfcupxgur_20,ddtbarpcgo_20
1203,kgfcupxgur_30,ddtbarpcgo_30
1204,kgfcupxgur_40,ddtbarpcgo_40
1205,kgfcupxgur_50,ddtbarpcgo_50
1206,kgfcupxgur_60,ddtbarpcgo_60
1207,kgfcupxgur_70,ddtbarpcgo_70
1208,kgfcupxgur_80,ddtbarpcgo_80
1209,kgfcupxgur_90,ddtbarpcgo_90
1210,kgfcupxgur_100,ddtbarpcgo_100
1211,kgfcupxgur_110,ddtbarpcgo_110
1212,kgfcupxgur_120,ddtbarpcgo_120
1213,kgfcupxgur_130,ddtbarpcgo_130
1214,kgfcupxgur_140,ddtbarpcgo_140
1215,kgfcupxgur_150,ddtbarpcgo_150
1216,kgfcupxgur_160,ddtbarpcgo_160
1217,kgfcupxgur_170,ddtbarpcgo_170
1218,kgfcupxgur_180,ddtbarpcgo_180
1219,kgfcupxgur_190,ddtbarpcgo_190
1220,kgfcupxgur_200,ddtbarpcgo_200
1221,kgfcupxgur_210,ddtbarpcgo_210
1222,kgfcupxgur_220,ddtbarpcgo_220
1223,kgfcupxgur_230,ddtbarpcgo_230
1224,kgfcupxgur_240,ddtbarpcgo_240
1225,kgfcupxgur_250,ddtbarpcgo_250
1226,kgfcupxgur_260,ddtbarpcgo_260
1227,kgfcupxgur_270,ddtbarpcgo_270
1228,kgfcupxgur_280,ddtbarpcgo_280
1229,kgfcupxgur_290,ddtbarpcgo_290
1230,nkojmntmdg_0,exxqlfpnbz_0
1231,nkojmntmdg_10,exxqlfpnbz_10
1232,nkojmntmdg_20,exxqlfpnbz_20
1233,nkojmntmdg_30,exxqlfpnbz_30
1234,nkojmntmdg_40,exxqlfpnbz_40
1235,nkojmntmdg_50,exxqlfpnbz_50
1236,nkojmntmdg_60,exxqlfpnbz_60
1237,nkojmntmdg_70,exxqlfpnbz_70
1238,nkojmntmdg_80,exxqlfpnbz_80
1239,nkojmntmdg_90,exxqlfpnbz_90
1240,nkojmntmdg_100,exxqlfpnbz_100
1241,nkojmntmdg_110,exxqlfpnbz_110
1242,nkojmntmdg_120,exxqlfpnbz_120
1243,nkojmntmdg_130,exxqlfpnbz_130
1244,nkojmntmdg_140,exxqlfpnbz_140
1245,nkojmntmdg_150,exxqlfpnbz_150
1246,nkojmntmdg_160,exxqlfpnbz_160
1247,nkojmntmdg_170,exxqlfpnbz_170
1248,nkojmntmdg_180,exxqlfpnbz_180
1249,nkojmntmdg_190,exxqlfpnbz_190
1250,nkojmntmdg_200,exxqlfpnbz_200
1251,nkojmntmdg_210,exxqlfpnbz_210
1252,nkojmntmdg_220,exxqlfpnbz_220
1253,nkojmntmdg_230,exxqlfpnbz_230
1254,nkojmntmdg_240,exxqlfpnbz_240
1255,nkojmntmdg_250,exxqlfpnbz_250
1256,nkojmntmdg_260,exxqlfpnbz_260
1257,nkojmntmdg_270,exxqlfpnbz_270
1258,nkojmntmdg_280,exxqlfpnbz_280
1259,nkojmntmdg_290,exxqlfpnbz_290
1260,btizoxwqwp_0,fnslimfagb_0
1261,btizoxwqwp_10,fnslimfagb_10
1262,btizoxwqwp_20,fnslimfagb_20
1263,btizoxwqwp_30,fnslimfagb_30
1264,btizoxwqwp_40,fnslimfagb_40
1265,btizoxwqwp_50,fnslimfagb_50
1266,btizoxwqwp_60,fnslimfagb_60
1267,btizoxwqwp_70,fnslimfagb_70
1268,btizoxwqwp_80,fnslimfagb_80
1269,btizoxwqwp_90,fnslimfagb_90
1270,btizoxwqwp_100,fnslimfagb_100
1271,btizoxwqwp_110,fnslimfagb_110
1272,btizoxwqwp_120,fnslimfagb_120
1273,btizoxwqwp_130,fnslimfagb_130
1274,btizoxwqwp_140,fnslimfagb_140
1275,btizoxwqwp_150,fnslimfagb_150
1276,btizoxwqwp_160,fnslimfagb_160
1277,btizoxwqwp_170,fnslimfagb_170
1278,btizoxwqwp_180,fnslimfagb_180
1279,btizoxwqwp_190,fnslimfagb_190
1280,btizoxwqwp_200,fnslimfagb_200
1281,btizoxwqwp_210,fnslimfagb_210
1282,btizoxwqwp_220,fnslimfagb_220
1283,btizoxwqwp_230,fnslimfagb_230
1284,btizoxwqwp_240,fnslimfagb_240
1285,btizoxwqwp_250,fnslimfagb_250
1286,btizoxwqwp_260,fnslimfagb_260
1287,btizoxwqwp_270,fnslimfagb_270
1288,btizoxwqwp_280,fnslimfagb_280
1289,btizoxwqwp_290,fnslimfagb_290
1290,zvsivkdkak_0,dhjnjkzuhq_0
1291,zvsivkdkak_10,dhjnjkzuhq_10
1292,zvsivkdkak_20,dhjnjkzuhq_20
1293,zvsivkdkak_30,dhjnjkzuhq_30
1294,zvsivkdkak_40,dhjnjkzuhq_40
1295,zvsivkdkak_50,dhjnjkzuhq_50
1296,zvsivkdkak_60,dhjnjkzuhq_60
1297,zvsivkdkak_70,dhjnjkzuhq_70
1298,zvsivkdkak_80,dhjnjkzuhq_80
1299,zvsivkdkak_90,dhjnjkzuhq_90
1300,zvsivkdkak_100,dhjnjkzuhq_100
1301,zvsivkdkak_110,dhjnjkzuhq_110
1302,zvsivkdkak_120,dhjnjkzuhq_120
1303,zvsivkdkak_130,dhjnjkzuhq_130
1304,zvsivkdkak_140,dhjnjkzuhq_140
1305,zvsivkdkak_150,dhjnjkzuhq_150
1306,zvsivkdkak_160,dhjnjkzuhq_160
1307,zvsivkdkak_170,dhjnjkzuhq_170
1308,zvsivkdkak_180,dhjnjkzuhq_180
1309,zvsivkdkak_190,dhjnjkzuhq_190
1310,zvsivkdkak_200,dhjnjkzuhq_200
1311,zvsivkdkak_210,dhjnjkzuhq_210
1312,zvsivkdkak_220,dhjnjkzuhq_220
1313,zvsivkdkak_230,dhjnjkzuhq_230
1314,zvsivkdkak_240,dhjnjkzuhq_240
1315,zvsivkdkak_250,dhjnjkzuhq_250
1316,zvsivkdkak_260,dhjnjkzuhq_260
1317,zvsivkdkak_270,dhjnjkzuhq_270
1318,zvsivkdkak_280,dhjnjkzuhq_280
1319,zvsivkdkak_290,dhjnjkzuhq_290
1320,yjllqhbmke_0,nrnklcxdzq_0
1321,yjllqhbmke_10,nrnklcxdzq_10
1322,yjllqhbmke_20,nrnklcxdzq_20
1323,yjllqhbmke_30,nrnklcxdzq_30
1324,yjllqhbmke_40,nrnklcxdzq_40
1325,yjllqhbmke_50,nrnklcxdzq_50
1326,yjllqhbmke_60,nrnklcxdzq_60
1327,yjllqhbmke_70,nrnklcxdzq_70
1328,yjllqhbmke_80,nrnklcxdzq_80
1329,yjllqhbmke_90,nrnklcxdzq_90
1330,yjllqhbmke_100,nrnklcxdzq_100
1331,yjllqhbmke_110,nrnklcxdzq_110
1332,yjllqhbmke_120,nrnklcxdzq_120
1333,yjllqhbmke_130,nrnklcxdzq_130
1334,yjllqhbmke_140,nrnklcxdzq_140
1335,yjllqhbmke_150,nrnklcxdzq_150
1336,yjllqhbmke_160,nrnklcxdzq_160
1337,yjllqhbmke_170,nrnklcxdzq_170
1338,yjllqhbmke_180,nrnklcxdzq_180
1339,yjllqhbmke_190,nrnklcxdzq_190
1340,yjllqhbmke_200,nrnklcxdzq_200
1341,yjllqhbmke_210,nrnklcxdzq_210
1342,yjllqhbmke_220,nrnklcxdzq_220
1343,yjllqhbmke_230,nrnklcxdzq_230
1344,yjllqhbmke_240,nrnklcxdzq_240
1345,yjllqhbmke_250,nrnklcxdzq_250
1346,yjllqhbmke_260,nrnklcxdzq_260
1347,yjllqhbmke_270,nrnklcxdzq_270
1348,yjllqhbmke_280,nrnklcxdzq_280
1349,yjllqhbmke_290,nrnklcxdzq_290
1350,ygknkubeyb_0,nweufafotd_0
1351,ygknkubeyb_10,nweufafotd_10
1352,ygknkubeyb_20,nweufafotd_20
1353,ygknkubeyb_30,nweufafotd_30
1354,ygknkubeyb_40,nweufafotd_40
1355,ygknkubeyb_50,nweufafotd_50
1356,ygknkubeyb_60,nweufafotd_60
1357,ygknkubeyb_70,nweufafotd_70
1358,ygknkubeyb_80,nweufafotd_80
1359,ygknkubeyb_90,nweufafotd_90
1360,ygknkubeyb_100,nweufafotd_100
1361,ygknkubeyb_110,nweufafotd_110
1362,ygknkubeyb_120,nweufafotd_120
1363,ygknkubeyb_130,nweufafotd_130
1364,ygknkubeyb_140,nweufafotd_140
1365,ygknkubeyb_150,nweufafotd_150
1366,ygknkubeyb_160,nweufafotd_160
1367,ygknkubeyb_170,nweufafotd_170
1368,ygknkubeyb_180,nweufafotd_180
1369,ygknkubeyb_190,nweufafotd_190
1370,ygknkubeyb_200,nweufafotd_200
1371,ygknkubeyb_210,nweufafotd_210
1372,ygknkubeyb_220,nweufafotd_220
1373,ygknkubeyb_230,nweufafotd_230
1374,ygknkubeyb_240,nweufafotd_240
1375,ygknkubeyb_250,nweufafotd_250
1376,ygknkubeyb_260,nweufafotd_260
1377,ygknkubeyb_270,nweufafotd_270
1378,ygknkubeyb_280,nweufafotd_280
1379,ygknkubeyb_290,nweufafotd_290
1380,wkczijuamz_0,jytrvwlewz_0
1381,wkczijuamz_10,jytrvwlewz_10
1382,wkczijuamz_20,jytrvwlewz_20
1383,wkczijuamz_30,jytrvwlewz_30
1384,wkczijuamz_40,jytrvwlewz_40
1385,wkczijuamz_50,jytrvwlewz_50
1386,wkczijuamz_60,jytrvwlewz_60
1387,wkczijuamz_70,jytrvwlewz_70
1388,wkczijuamz_80,jytrvwlewz_80
1389,wkczijuamz_90,jytrvwlewz_90
1390,wkczijuamz_100,jytrvwlewz_100
1391,wkczijuamz_110,jytrvwlewz_110
1392,wkczijuamz_120,jytrvwlewz_120
1393,wkczijuamz_130,jytrvwlewz_130
1394,wkczijuamz_140,jytrvwlewz_140
1395,wkczijuamz_150,jytrvwlewz_150
1396,wkczijuamz_160,jytrvwlewz_160
1397,wkczijuamz_170,jytrvwlewz_170
1398,wkczijuamz_180,jytrvwlewz_180
1399,wkczijuamz_190,jytrvwlewz_190
1400,wkczijuamz_200,jytrvwlewz_200
1401,wkczijuamz_210,jytrvwlewz_210
1402,wkczijuamz_220,jytrvwlewz_220
1403,wkczijuamz_230,jytrvwlewz_230
1404,wkczijuamz_240,jytrvwlewz_240
1405,wkczijuamz_250,jytrvwlewz_250
1406,wkczijuamz_260,jytrvwlewz_260
1407,wkczijuamz_270,jytrvwlewz_270
1408,wkczijuamz_280,jytrvwlewz_280
1409,wkczijuamz_290,jytrvwlewz_290
1410,dolynaukae_0,gnmmhlbzge_0
1411,dolynaukae_10,gnmmhlbzge_10
1412,dolynaukae_20,gnmmhlbzge_20
1413,dolynaukae_30,gnmmhlbzge_30
1414,dolynaukae_40,gnmmhlbzge_40
1415,dolynaukae_50,gnmmhlbzge_50
1416,dolynaukae_60,gnmmhlbzge_60
1417,dolynaukae_70,gnmmhlbzge_70
1418,dolynaukae_80,gnmmhlbzge_80
1419,dolynaukae_90,gnmmhlbzge_90
1420,dolynaukae_100,gnmmhlbzge_100
1421,dolynaukae_110,gnmmhlbzge_110
1422,dolynaukae_120,gnmmhlbzge_120
1423,dolynaukae_130,gnmmhlbzge_130
1424,dolynaukae_140,gnmmhlbzge_140
1425,dolynaukae_150,gnmmhlbzge_150
1426,dolynaukae_160,gnmmhlbzge_160
1427,dolynaukae_170,gnmmhlbzge_170
1428,dolynaukae_180,gnmmhlbzge_180
1429,dolynaukae_190,gnmmhlbzge_190
1430,dolynaukae_200,gnmmhlbzge_200
1431,dolynaukae_210,gnmmhlbzge_210
1432,dolynaukae_220,gnmmhlbzge_220
1433,dolynaukae_230,gnmmhlbzge_230
1434,dolynaukae_240,gnmmhlbzge_240
1435,dolynaukae_250,gnmmhlbzge_250
1436,dolynaukae_260,gnmmhlbzge_260
1437,dolynaukae_270,gnmmhlbzge_270
1438,dolynaukae_280,gnmmhlbzge_280
1439,dolynaukae_290,gnmmhlbzge_290
1440,eisofhptvk_0,nweufafotd_0
1441,eisofhptvk_10,nweufafotd_10
1442,eisofhptvk_20,nweufafotd_20
1443,eisofhptvk_30,nweufafotd_30
1444,eisofhptvk_40,nweufafotd_40
1445,eisofhptvk_50,nweufafotd_50
1446,eisofhptvk_60,nweufafotd_60
1447,eisofhptvk_70,nweufafotd_70
1448,eisofhptvk_80,nweufafotd_80
1449,eisofhptvk_90,nweufafotd_90
1450,eisofhptvk_100,nweufafotd_100
1451,eisofhptvk_110,nweufafotd_110
1452,eisofhptvk_120,nweufafotd_120
1453,eisofhptvk_130,nweufafotd_130
1454,eisofhptvk_140,nweufafotd_140
1455,eisofhptvk_150,nweufafotd_150
1456,eisofhptvk_160,nweufafotd_160
1457,eisofhptvk_170,nweufafotd_170
1458,eisofhptvk_180,nweufafotd_180
1459,eisofhptvk_190,nweufafotd_190
1460,eisofhptvk_200,nweufafotd_200
1461,eisofhptvk_210,nweufafotd_210
1462,eisofhptvk_220,nweufafotd_220
1463,eisofhptvk_230,nweufafotd_230
1464,eisofhptvk_240,nweufafotd_240
1465,eisofhptvk_250,nweufafotd_250
1466,eisofhptvk_260,nweufafotd_260
1467,eisofhptvk_270,nweufafotd_270
1468,eisofhptvk_280,nweufafotd_280
1469,eisofhptvk_290,nweufafotd_290
1470,xymeodlrhb_0,jzupayeuln_0
1471,xymeodlrhb_10,jzupayeuln_10
1472,xymeodlrhb_20,jzupayeuln_20
1473,xymeodlrhb_30,jzupayeuln_30
1474,xymeodlrhb_40,jzupayeuln_40
1475,xymeodlrhb_50,jzupayeuln_50
1476,xymeodlrhb_60,jzupayeuln_60
1477,xymeodlrhb_70,jzupayeuln_70
1478,xymeodlrhb_80,jzupayeuln_80
1479,xymeodlrhb_90,jzupayeuln_90
1480,xymeodlrhb_100,jzupayeuln_100
1481,xymeodlrhb_110,jzupayeuln_110
1482,xymeodlrhb_120,jzupayeuln_120
1483,xymeodlrhb_130,jzupayeuln_130
1484,xymeodlrhb_140,jzupayeuln_140
1485,xymeodlrhb_150,jzupayeuln_150
1486,xymeodlrhb_160,jzupayeuln_160
1487,xymeodlrhb_170,jzupayeuln_170
1488,xymeodlrhb_180,jzupayeuln_180
1489,xymeodlrhb_190,jzupayeuln_190
1490,xymeodlrhb_200,jzupayeuln_200
1491,xymeodlrhb_210,jzupayeuln_210
1492,xymeodlrhb_220,jzupayeuln_220
1493,xymeodlrhb_230,jzupayeuln_230
1494,xymeodlrhb_240,jzupayeuln_240
1495,xymeodlrhb_250,jzupayeuln_250
1496,xymeodlrhb_260,jzupayeuln_260
1497,xymeodlrhb_270,jzupayeuln_270
1498,xymeodlrhb_280,jzupayeuln_280
1499,xymeodlrhb_290,jzupayeuln_290
